extraction_number,sample_number,species_confirmed
DP001,T162,eucnit
DP080,YG072,eucspa
DP003,T153,eucnit
DP004,QL307,eucmed
DP005,QL305,eucmed
DP006,T243,eucrub
DP007,KG079,corgum
DP008,QL453,corter
DP009,T166,eucnit
DP010,QL333,eucdis
DP011,YG204,corexi
DP012,QL331,eucdis
DP013,QL184,corcla
DP014,YG045,eucpun
DP015,QL116,corint
DP016,T372,eucrub
DP017,QL306,eucmed
DP018,YG029,melpal
DP019,T219,eucten
DP020,T245,eucrub
DP021,T336,eucglo
DP022,QL330,eucdis
DP023,T149,eucnit
DP026,QL234,eucter
DP027,KG038,corgum
DP028,QL175,corcla
DP030,T382,eucrub
DP031,KG081,euchae
DP032,RH003,eucdum
DP033,KG077,corgum
DP035,T376,eucrub
DP037,T221,eucten
DP038,T023,euccoc
DP039,RH056,eucsoc
DP040,KG049,euchae
DP041,T022,euccoc
DP042,T157,eucnit
DP043,T397,eucten
DP044,T377,eucrub
DP045,T161,eucnit
DP046,RH063,eucsoc
DP047,KG022,euchae
DP048,RH065,eucsoc
DP049,YG056,euccre
DP050,QL151,eucfib
DP051,QL137,eucpla
DP052,QL304,eucmed
DP053,KG137,eucobl
DP054,YG082,angcos
DP055,QL186,corcla
DP056,QL132,eucpla
DP057,QL456,corter
DP058,RH060,eucsoc
DP059,RH097,eucgil
DP060,YG202,corexi
DP061,KG106,eucobl
DP062,T053,eucdel
DP063,QL314,corcit
10-13,YG070,eucspa
DP065,KG024,euchae
DP066,QL136,eucpla
DP067,YG055,euccre
DP068,RH006,eucdum
DP069,QL229,eucter
DP070,T054,eucdel
DP071,QL111,corint
11-05,YG071,eucspa
DP073,QL329,eucdis
DP074,QL173,corcla
DP075,T402,eucten
DP076,T146,eucnit
DP077,KG121,angcos
DP078,QL308,eucmed
DP079,KG107,eucobl
,YG069,eucspa
DP081,KG141,corgum
DP082,QL415,eucpru
DP083,RH010,eucdum
DP084,QL230,eucter
DP085,T378,eucrub
DP086,QL141,cortes
DP087,KG119,eucobl
DP088,KG037,corgum
DP072,YG121,eucspa
DP090,T017,euccoc
DP091,QL312,eucmed
DP092,QL313,corcit
DP093,T341,eucglo
DP094,T399,eucten
9-13,QL399,corpoc
9-14,RH101,eucgil
9-15,RH117,euccam
9-16,T324,eucamy
9-17,QL402,corpoc
9-18,YG170,corexi
9-19,KG139,eucobl
9-20,KG103,angcos
9-21,T407,eucten
9-22,QL226,eucter
9-23,T021,euccoc
9-24,QL404,corpoc
9-25,T329,eucamy
9-26,QL143,cortes
9-27,QL145,cortes
9-28,RH098,eucgil
9-29,QL317,corcit
9-30,QL448,corter
9-31,KG050,euchae
9-32,T163,eucnit
9-33,YG031,melpal
9-34,QL107,corint
9-35,QL233,eucter
9-36,RH121,euccam
9-37,QL142,cortes
9-39,KG102,angcos
9-40,T151,eucnit
9-41,QL134,eucpla
9-42,YG169,corexi
9-43,QL332,eucdis
9-44,QL408,eucpru
9-45,T380,eucrub
9-46,T340,eucglo
9-47,RH100,eucgil
9-48,QL115,corint
10-01,T331,eucglo
10-02,QL398,corpoc
10-03,KG143,corgum
10-04,T057,eucdel
10-05,T242,eucrub
10-06,KG133,angcos
10-07,T332,eucglo
10-08,YG017,angcos
10-09,RH061,eucsoc
10-10,QL135,eucpla
10-11,YG077,eucpun
10-12,KG083,euchae
DP089,YG118,eucspa
10-14,T398,eucten
10-15,YG187,corexi
10-16,KG142,corgum
10-17,KG101,angcos
10-18,QL318,corcit
10-19,QL328,eucdis
10-20,QL321,corcit
10-22,QL185,corcla
10-23,RH011,eucdum
10-24,YG054,euccre
10-25,T222,eucten
10-26,QL238,eucatr
10-27,KG082,euchae
10-28,T241,eucrub
10-29,KG105,eucobl
10-30,T405,eucten
10-31,KG123,angcos
10-32,QL228,eucter
10-33,T339,eucglo
10-34,QL106,corint
10-35,RH122,euccam
10-36,T249,eucrub
10-37,T218,eucten
10-38,T373,eucrub
10-39,T328,eucamy
10-40,RH124,euccam
10-41,QL449,corter
10-42,T319,eucamy
10-43,KG078,corgum
10-44,QL454,corter
10-45,T019,euccoc
10-46,T225,eucten
10-47,YG080,angcos
10-48,YG044,eucpun
11-01,QL232,eucter
11-02,QL237,eucatr
11-03,YG076,eucpun
11-04,RH118,euccam
15-39,YG120,eucspa
11-06,RH005,eucdum
11-07,KG138,eucobl
11-08,YG043,eucpun
11-09,T246,eucrub
11-10,YG021,euccre
11-11,KG122,angcos
11-12,QL153,eucfib
11-13,T227,eucten
11-14,T406,eucten
11-15,YG081,angcos
11-16,RH123,euccam
11-17,T055,eucdel
11-18,YG030,melpal
11-19,RH099,eucgil
11-20,QL325,eucdis
11-21,RH002,eucdum
11-22,KG134,angcos
11-23,T058,eucdel
11-24,T374,eucrub
11-25,QL452,corter
11-27,T018,euccoc
11-28,QL171,corcla
11-29,QL411,eucpru
11-30,QL236,eucatr
11-31,T013,euccoc
11-32,QL139,cortes
11-33,QL146,cortes
11-34,T155,eucnit
11-35,QL397,corpoc
11-36,QL231,eucter
11-37,YG188,corexi
11-38,T014,euccoc
11-39,QL131,eucpla
11-40,YG075,eucpun
11-41,YG020,euccre
11-42,QL150,eucfib
11-43,QL400,corpoc
11-44,QL241,eucatr
11-45,RH059,eucsoc
11-46,RH103,eucgil
11-47,QL450,corter
11-48,QL401,corpoc
12-01,QL327,eucdis
12-02,QL406,eucpru
12-03,T403,eucten
12-04,T321,eucamy
12-05,T323,eucamy
12-06,T320,eucamy
12-07,T015,euccoc
12-08,QL149,eucfib
12-09,QL407,eucpru
12-10,KG036,corgum
12-11,RH007,eucdum
12-12,YG022,euccre
12-13,QL170,corcla
12-14,QL140,cortes
12-15,T333,eucglo
12-16,QL133,eucpla
12-17,T158,eucnit
12-18,QL172,corcla
12-20,KG117,eucobl
12-21,QL309,eucmed
12-22,QL110,corint
12-23,T165,eucnit
12-24,RH057,eucsoc
12-25,T251,eucrub
12-26,QL243,eucatr
12-27,T145,eucnit
12-28,QL240,eucatr
12-29,QL412,eucpru
12-30,T159,eucnit
12-31,QL227,eucter
12-32,QL114,corint
12-33,QL315,corcit
12-34,YG018,angcos
12-35,QL147,cortes
12-36,QL152,eucfib
12-37,T050,eucdel
12-38,QL455,corter
12-39,T049,eucdel
12-40,QL319,corcit
12-41,T167,eucnit
12-42,T150,eucnit
12-43,QL144,cortes
12-44,RH055,eucsoc
12-45,QL112,corint
12-46,KG135,angcos
12-47,QL235,eucatr
12-48,QL108,corint
13-01,T250,eucrub
13-02,QL154,eucfib
13-03,T335,eucglo
13-04,QL310,eucmed
13-05,QL130,eucpla
13-06,QL416,eucpru
13-07,QL403,corpoc
13-08,QL138,eucpla
13-09,T327,eucamy
13-12,QL451,corter
13-13,T051,eucdel
13-14,YG019,angcos
13-15,QL320,corcit
13-16,QL414,eucpru
13-17,YG186,corexi
13-18,T337,eucglo
13-19,T059,eucdel
13-20,RH102,eucgil
13-21,QL155,eucfib
13-22,QL316,corcit
13-23,T154,eucnit
13-24,QL239,eucatr
13-25,QL148,eucfib
13-26,KG118,eucobl
13-27,RH125,euccam
13-28,QL242,eucatr
13-29,RH104,eucgil
13-30,T217,eucten
13-31,QL311,eucmed
13-32,T247,eucrub
13-33,T226,eucten
13-34,RH120,euccam
13-35,QL410,eucpru
13-36,QL326,eucdis
13-37,YG168,corexi
13-38,QL174,corcla
13-39,T325,eucamy
13-40,T147,eucnit
13-41,T223,eucten
13-42,RH096,eucgil
13-43,KG051,euchae
13-44,QL405,corpoc
13-45,T381,eucrub
13-46,T401,eucten
13-47,QL156,eucfib
13-48,RH064,eucsoc
15-33,RH119,euccam
15-34,YG128,eucpun
15-35,YG085,euccre
15-36,YG086,euccre
15-37,YG129,eucpun
15-38,YG125,angcos
,YG119,eucspa
15-40,YG127,eucpun
15-41,YG123,angcos
15-42,YG124,angcos
DP002,YG135,eucspa
15-44,YG084,euccre
16-01,T294,acamel
16-02,RH089,acaosw
16-03,KG090,acalon
16-04,T141,acamuc
16-05,T384,acalon
16-06,T144,acamuc
16-07,T254,acadea
16-08,T386,acalon
16-09,QL216,acajul
16-10,RH085,acaosw
16-11,T084,acaric
16-12,T069,acadea
16-13,YG062,acapar
16-14,YG094,acafal
16-15,KG047,acasua
16-16,YG141,acabin
16-17,QL072,acaman
16-18,T065,acadea
16-19,QL390,acacol
16-20,RH021,acaane
16-21,QL126,acafla
16-23,T346,acadec
16-24,QL119,acafla
16-25,YG147,acafal
16-26,QL211,acajul
16-27,QL428,acahem
16-28,T303,acater
16-29,QL214,acajul
16-30,QL076,acaman
16-31,KG091,acalon
16-32,T257,acadea
16-33,T391,acalon
16-34,T305,acater
16-35,YG146,acafal
16-36,RH015,acaane
16-37,T304,acater
16-38,T088,acaric
16-39,RH014,acaane
16-41,QL052,acacel
16-42,YG117,acaimp
16-43,T134,acamel
16-44,T067,acadea
16-46,T133,acamel
16-47,T087,acaric
16-48,YG105,acabin
17-01,QL389,acacol
17-02,QL054,acacel
17-03,T389,acalon
17-04,YG099,acapar
17-05,T258,acadea
17-07,YG064,acapar
17-08,YG161,acafal
17-09,QL118,acafla
17-10,KG043,acalon
17-11,QL208,acajul
17-12,QL370,acashi
17-13,KG004,acauli
17-14,YG103,acabin
17-15,T301,acater
17-16,KG035,acauli
17-17,YG143,acafal
17-18,T347,acadec
17-19,RH039,aca_sp
17-20,T368,acagen
17-21,KG016,acasua
17-22,QL192,acacra
17-23,T306,acater
17-24,QL388,acacol
17-25,T350,acadec
17-26,RH094,acaosw
17-29,T291,acamel
17-31,T066,acadea
17-32,QL265,acahol
17-33,YG100,acapar
17-34,QL071,acaman
17-35,RH035,aca_sp
17-36,YG096,acaimp
17-37,QL212,acajul
17-38,T142,acamuc
17-39,KG008,acauli
17-40,YG150,acaimp
17-41,T082,acaric
17-42,YG145,acafal
17-43,QL262,acahol
17-44,YG160,acafal
17-45,YG158,acabin
17-46,T128,acamel
17-47,RH009,eucdum
17-48,YG203,corexi
18-01,QL395,acacol
18-02,QL078,acaman
18-03,T253,acadea
18-04,QL392,acacol
18-05,QL213,acajul
18-06,T345,acadec
18-07,YG104,acabin
18-08,RH019,acaane
18-09,RH034,aca_sp
18-10,YG092,acafal
18-11,QL120,acafla
18-12,RH031,aca_sp
18-13,T129,acamel
18-14,RH086,acaosw
18-15,KG007,acauli
18-16,QL074,acaman
18-17,T394,acalon
18-18,T299,acater
18-19,RH040,aca_sp
18-20,YG097,acaimp
18-21,QL264,acahol
18-22,QL196,acacra
18-23,YG153,acaimp
18-24,T366,acagen
18-25,QL050,acacel
18-26,QL396,acacol
18-28,YG162,acafal
18-29,T343,acadec
18-30,T292,acamel
18-31,YG151,acaimp
18-33,QL127,acafla
18-34,RH013,acaane
18-35,T130,acamel
18-36,T363,acagen
18-37,T288,acamel
18-38,QL209,acajul
18-39,QL394,acacol
18-40,RH037,aca_sp
18-41,RH093,acaosw
18-42,T090,acaric
18-43,T390,acalon
18-44,T068,acadea
18-46,T349,acadec
18-47,T061,acadea
18-48,QL371,acashi
19-01,YG140,acabin
19-02,T256,acadea
19-03,T362,acagen
19-04,QL393,acacol
19-05,KG042,acalon
19-06,QL376,acashi
19-07,T395,acalon
19-08,T300,acater
19-09,T296,acamel
19-10,QL188,acacra
19-11,QL379,acashi
19-12,YG149,acaimp
19-13,T351,acadec
19-14,RH095,acaosw
19-15,KG070,acasua
19-16,T085,acaric
19-17,QL215,acajul
19-18,QL375,acashi
19-19,KG032,acalon
19-20,QL266,acahol
19-21,QL079,acaman
19-22,QL124,acafla
19-23,KG071,acasua
19-24,T064,acadea
19-25,KG046,acasua
19-26,YG152,acaimp
19-27,T063,acadea
19-28,QL123,acafla
19-29,KG034,acauli
19-30,RH018,acaane
19-31,YG156,acabin
19-32,QL189,acacra
19-33,KG031,acalon
19-34,KG030,acalon
19-35,RH001,eucdum
19-37,QL419,acahem
19-38,YG157,acabin
19-39,T298,acater
19-40,YG139,acabin
19-41,QL055,acacel
19-42,QL070,acaman
19-43,QL418,acahem
19-45,QL122,acafla
19-46,YG107,acafal
19-47,YG109,acafal
19-48,YG090,acabin
20-01,T083,acaric
20-02,T086,acaric
20-03,YG154,acaimp
20-04,QL048,acacel
20-05,YG101,acapar
20-06,T348,acadec
20-07,T385,acalon
20-09,QL210,acajul
20-10,QL056,acacel
20-11,QL374,acashi
20-12,T136,acamuc
20-13,KG015,acasua
20-14,T295,acamel
20-15,YG108,acafal
20-16,QL195,acacra
20-17,YG115,acaimp
20-19,RH041,aca_sp
20-20,QL047,acacel
20-21,YG063,acapar
20-22,T286,acamel
20-23,QL258,acahol
20-24,T259,acadea
20-25,QL197,acacra
20-26,RH017,acaane
20-27,QL424,acahem
20-28,T290,acamel
20-29,QL187,acacra
20-30,KG006,acauli
20-31,T302,acater
20-32,QL046,acacel
20-33,YG098,acaimp
20-34,YG088,acabin
20-35,KG089,acalon
20-36,T393,acalon
20-37,QL380,acashi
20-38,QL080,acaman
20-39,T143,acamuc
20-40,QL051,acacel
20-41,QL260,acahol
20-42,YG116,acaimp
20-43,KG014,acasua
20-44,T371,acagen
20-45,T137,acamuc
20-46,T132,acamel
20-47,T062,acadea
20-48,T260,acadea
21-01,KG045,acasua
21-02,QL257,acahol
21-03,KG003,acauli
21-04,KG069,acasua
21-05,T138,acamuc
21-06,QL256,acahol
21-07,QL427,acahem
21-08,T139,acamuc
21-09,QL191,acacra
21-10,KG033,acauli
21-11,QL372,acashi
21-12,T135,acamel
21-13,T344,acadec
21-14,RH016,acaane
21-15,QL391,acacol
21-16,QL128,acafla
21-17,QL420,acahem
21-18,QL422,acahem
21-19,YG093,acafal
21-20,T261,acadea
21-21,T370,acagen
21-22,T287,acamel
21-23,T089,acaric
21-24,KG023,euchae
21-25,T367,acagen
21-26,RH020,acaane
21-27,QL075,acaman
21-28,QL426,acahem
21-29,T140,acamuc
21-30,QL378,acashi
21-31,QL193,acacra
21-32,T127,acamel
21-33,QL423,acahem
21-34,QL113,corint
21-35,QL109,corint
21-36,QL117,corint
21-37,T289,acamel
21-38,T293,acamel
21-39,T297,acamel
21-40,QL085,grepte
21-41,QL089,grepte
21-42,QL093,grepte
21-43,T265,conhoo
21-44,T269,conhoo
21-45,T273,conhoo
21-46,KG005,acauli
21-47,RH090,acaosw
21-48,T369,acagen
22-01,T255,acadea
22-02,QL261,acahol
22-03,T131,acamel
22-04,RH038,aca_sp
22-05,T364,acagen
22-06,RH036,aca_sp
22-07,KG041,acalon
22-08,YG089,acabin
22-09,RH087,acaosw
22-10,RH091,acaosw
22-11,QL299,gregla
22-12,QL277,gregla
22-16,T178,teltru
22-18,QL063,grehil
22-19,QL350,grepar
22-20,QL016,opihet
22-21,T111,lompol
22-22,QL087,grepte
22-23,QL355,grepar
22-24,T076,banmar
22-26,QL460,hakarb
22-27,T215,perjun
22-28,QL346,grepar
22-29,QL283,xylsco
22-30,T025,oriaci
22-31,QL295,gregla
22-32,T268,conhoo
22-33,QL013,opihet
22-34,T039,orirev
22-35,RH026,haktep
22-37,RH028,haktep
22-39,QL038,carsub
22-40,YG111,perlin
22-42,QL289,gregla
22-43,KG059,grespe
22-44,T095,teltru
22-45,YG176,perlan
22-46,QL178,banaqu
22-47,T360,lomtin
22-48,T276,banmar
23-01,QL040,carsub
23-03,QL022,darfer
23-04,RH068,greill
23-05,QL176,banaqu
23-09,QL462,hakarb
23-10,QL341,gremim
23-11,YG165,grebux
23-12,T091,teltru
23-13,QL028,darfer
23-14,QL248,perfal
23-17,T357,lomtin
23-18,T074,banmar
23-20,T189,agaodo
23-21,T193,cennit
23-23,QL035,carsub
23-25,QL337,gremim
23-28,RH072,greill
23-29,T264,conhoo
23-30,YG208,hakdac
24-01,QL202,grepte
24-02,T284,banmar
24-04,QL287,xylsco
24-05,KG125,greser
24-06,T239,banmar
24-07,QL034,carsub
24-08,T079,banmar
24-09,QL272,gregla
24-10,T203,cennit
24-11,QL002,athdiv
24-12,YG206,hakdac
24-13,QL100,grepar
24-14,RH071,greill
24-15,QL205,grepte
24-16,T195,cennit
24-17,YG068,perlin
24-18,KG075,haklae
24-19,QL014,opihet
24-20,KG097,greser
24-21,T179,teltru
24-22,QL062,grehil
24-23,QL001,athdiv
24-25,T113,lompol
24-27,KG067,grespe
24-30,QL275,gregla
24-31,T206,perjun
24-32,T263,conhoo
24-34,QL203,grepte
24-35,QL006,athdiv
24-36,QL290,gregla
24-37,QL351,grepar
24-38,T121,oridiv
24-39,T071,banmar
24-40,T097,teltru
24-41,T177,teltru
24-42,T194,cennit
24-43,KG087,perlev
24-45,QL082,grepte
24-46,KG113,greser
24-47,QL250,perfal
24-48,RH079,hakleu
25-01,QL010,athdiv
25-02,T205,perjun
25-03,KG063,haklae
25-04,QL083,grepte
25-05,KG062,haklae
25-06,T275,banmar
25-07,T072,banmar
25-08,T092,teltru
25-09,T105,lompol
25-10,T190,agaodo
25-11,YG164,grebux
25-12,QL024,darfer
25-13,T171,teltru
25-14,QL293,gregla
25-15,T278,banmar
25-16,YG113,perlin
25-17,YG173,hakdac
25-18,QL059,grehil
25-19,YG066,perlin
25-20,QL027,darfer
25-21,YG131,gremuc
25-22,YG061,gremuc
25-23,YG184,perlan
25-24,KG066,grespe
25-25,QL206,grepte
25-26,T271,conhoo
25-27,QL280,xylsco
25-28,KG019,grespe
25-29,QL284,xylsco
25-30,QL161,grebai
25-31,KG026,perlev
25-32,T234,banmar
25-33,RH053,greane
25-34,KG027,perlev
25-35,QL160,grebai
25-36,QL031,darfer
25-37,T198,cennit
25-38,T185,agaodo
25-39,QL017,opihet
25-40,T043,orirev
25-41,RH067,greill
25-42,T199,cennit
25-43,YG200,perlan
25-44,QL020,opihet
25-45,T123,oridiv
25-46,QL245,perfal
25-47,QL058,grehil
25-48,QL249,perfal
26-01,QL039,carsub
26-02,T107,lompol
26-03,RH044,greane
26-04,QL103,grepar
26-05,T042,orirev
26-06,T233,banmar
26-07,KG065,grespe
26-08,QL018,opihet
26-09,T210,perjun
26-10,QL180,banaqu
26-11,QL094,grepar
26-12,T356,lomtin
26-13,QL463,hakarb
26-14,T169,teltru
26-15,T047,orirev
26-16,T112,lompol
26-17,QL252,perfal
26-18,KG093,xylpyr
26-19,QL064,grehil
26-20,QL288,xylsco
26-21,RH070,greill
26-22,QL339,gremim
26-23,KG110,xylpyr
26-24,RH074,greill
26-25,QL086,grepte
26-26,T117,oridiv
26-27,QL286,xylsco
26-28,T115,oridiv
26-29,QL090,grepte
26-30,T038,orirev
26-31,QL291,gregla
26-32,T030,oriaci
26-33,QL091,grepte
26-34,T186,agaodo
26-35,T235,banmar
26-36,T358,lomtin
26-37,KG131,xylpyr
26-38,KG061,haklae
26-39,QL177,banaqu
26-40,T270,conhoo
26-41,T108,lompol
26-42,QL354,grepar
26-43,QL282,xylsco
26-44,KG054,perlev
26-45,QL043,carsub
26-46,T109,lompol
26-47,QL157,grebai
26-48,QL165,grebai
27-01,YG199,perlan
27-02,T209,perjun
27-03,KG074,haklae
27-04,T182,agaodo
27-05,QL159,grebai
27-06,T283,banmar
27-07,KG098,greser
27-08,QL005,athdiv
27-09,T262,conhoo
27-10,QL458,hakarb
27-11,QL011,athdiv
27-12,QL021,opihet
27-13,KG126,greser
27-14,T037,orirev
27-15,QL168,banaqu
27-16,RH048,greane
27-17,QL347,grepar
27-18,YG112,perlin
27-19,RH045,greane
27-20,QL092,grepte
27-21,T214,perjun
27-22,T104,lompol
27-23,QL084,grepte
27-24,T266,conhoo
27-25,YG060,gremuc
27-26,T267,conhoo
27-27,KG018,grespe
27-28,QL207,grepte
27-29,QL273,gregla
27-30,YG180,grebux
27-31,QL246,perfal
27-32,RH052,greane
27-33,YG175,perlan
27-34,QL098,grepar
27-35,QL042,carsub
27-36,T238,banmar
27-37,QL204,grepte
27-38,T075,banmar
27-39,QL279,gregla
27-40,YG196,grebux
27-41,KG085,perlev
27-42,T096,teltru
27-43,T125,oridiv
27-44,T026,oriaci
27-45,YG183,perlan
27-46,QL199,grepte
27-47,T282,banmar
27-48,KG099,greser
28-01,QL066,grehil
28-02,T041,orirev
28-03,T272,conhoo
28-04,QL158,grebai
28-05,T034,oriaci
28-06,QL167,banaqu
28-07,QL281,xylsco
28-08,QL200,grepte
28-09,KG111,xylpyr
28-10,T237,banmar
28-11,T116,oridiv
28-12,QL201,grepte
28-13,T211,perjun
28-14,QL348,grepar
28-15,QL023,darfer
28-16,YG191,hakdac
28-17,QL182,banaqu
28-18,QL344,gremim
28-19,QL181,banaqu
28-20,T280,banmar
28-21,QL356,grepar
28-22,T093,teltru
28-23,KG012,haklae
28-24,YG197,grebux
28-25,RH069,greill
28-26,KG095,xylpyr
28-27,KG058,grespe
28-28,YG179,grebux
28-29,T183,agaodo
28-30,QL104,grepar
28-31,QL036,carsub
28-32,QL164,grebai
28-33,QL162,grebai
28-34,T103,lompol
28-35,T201,cennit
28-36,YG059,gremuc
28-37,T187,agaodo
28-38,T229,banmar
28-39,QL015,opihet
28-40,T100,teltru
28-41,YG172,hakdac
28-42,QL067,grehil
28-43,T070,banmar
28-44,YG067,perlin
28-45,QL342,gremim
28-46,YG209,perlan
28-47,T175,teltru
28-48,QL163,grebai
29-01,QL032,darfer
29-02,YG182,perlan
29-03,KG057,grespe
29-04,QL244,perfal
29-05,T231,banmar
29-06,QL274,gregla
29-07,T359,lomtin
29-08,YG181,grebux
29-09,QL166,banaqu
29-10,YG166,grebux
29-11,QL088,grepte
29-12,T274,banmar
29-13,QL009,athdiv
29-14,QL340,gremim
29-15,YG192,hakdac
29-16,QL044,carsub
29-17,QL276,gregla
29-18,KG086,perlev
29-19,QL459,hakarb
29-20,KG055,perlev
29-21,T181,agaodo
29-22,QL271,gregla
29-23,KG053,perlev
29-24,T202,cennit
29-25,KG028,perlev
29-26,T033,oriaci
29-27,T027,oriaci
29-28,YG132,gremuc
29-29,KG094,xylpyr
29-30,KG011,haklae
29-31,T173,teltru
29-32,QL465,hakarb
29-33,QL461,hakarb
29-34,T046,orirev
29-35,KG114,greser
29-36,RH047,greane
29-37,QL068,grehil
29-38,T045,orirev
29-39,RH051,greane
29-40,QL254,perfal
29-41,QL095,grepar
29-42,T119,oridiv
29-43,QL019,opihet
29-44,QL297,gregla
29-45,YG174,hakdac
29-46,KG127,greser
29-47,KG115,greser
29-48,T099,teltru
30-01,T035,oriaci
30-02,T124,oridiv
30-03,QL285,xylsco
30-04,T354,lomtin
30-05,T174,teltru
30-06,QL007,athdiv
30-07,QL102,grepar
30-08,T080,banmar
30-09,T191,agaodo
30-10,QL352,grepar
30-11,QL345,gremim
30-12,T170,teltru
30-13,T352,lomtin
30-14,KG010,haklae
30-15,QL343,gremim
30-16,YG177,perlan
30-17,T120,oridiv
30-18,T101,teltru
30-19,KG109,xylpyr
30-20,T197,cennit
30-21,QL464,hakarb
30-22,YG195,grebux
30-23,YG190,hakdac
30-24,QL099,grepar
30-25,T029,oriaci
30-26,RH066,greill
30-27,QL278,gregla
30-28,T078,banmar
30-29,T353,lomtin
30-30,RH073,greill
30-31,YG133,gremuc
30-32,T207,perjun
30-33,KG130,xylpyr
30-34,QL003,athdiv
30-35,QL294,gregla
30-36,T361,lomtin
30-37,QL026,darfer
30-38,T213,perjun
30-39,QL457,hakarb
30-40,KG129,xylpyr
30-41,T230,banmar
30-42,KG020,grespe
30-43,QL060,grehil
30-44,T279,banmar
30-45,QL253,perfal
30-46,YG207,hakdac
30-47,RH049,greane
30-48,KG073,haklae
31-01,T031,oriaci
31-02,QL338,gremim
31-03,QL440,hakcho
31-04,T312,hakmeg
31-05,RH075,hakleu
31-06,QL364,grestr
31-07,RH114,grestr
31-08,RH078,hakleu
31-09,QL366,grestr
31-10,T309,hakmeg
31-11,T315,hakmeg
31-12,QL436,hakcho
31-13,T002,haklis
31-14,QL360,grestr
31-15,RH116,grestr
31-16,T308,hakmeg
31-17,RH081,hakleu
31-18,T009,haklis
31-19,T316,hakmeg
31-20,T003,haklis
31-21,QL430,hakcho
31-22,QL368,grestr
31-23,T006,haklis
31-24,RH022,haktep
31-25,T313,hakmeg
31-26,QL358,grestr
31-27,RH030,haktep
31-28,RH076,hakleu
31-29,QL359,grestr
31-30,RH082,hakleu
31-31,T001,haklis
31-32,QL363,grestr
31-33,T307,hakmeg
31-34,RH077,hakleu
31-35,T007,haklis
31-36,RH083,hakleu
31-37,RH080,hakleu
31-38,QL362,grestr
31-39,RH107,grestr
31-40,T317,hakmeg
31-41,QL432,hakcho
31-42,QL434,hakcho
31-43,RH112,grestr
31-44,RH106,grestr
31-45,RH110,grestr
31-46,QL435,hakcho
31-47,QL298,gregla
31-48,QL431,hakcho
32-01,T005,haklis
32-02,T311,hakmeg
32-03,QL438,hakcho
32-04,QL367,grestr
32-05,RH108,grestr
32-06,QL030,darfer
32-07,RH043,greane
32-08,RH025,haktep
32-09,RH111,grestr
32-10,QL096,grepar
32-11,RH115,grestr
32-12,QL439,hakcho
32-13,RH029,haktep
32-14,RH027,haktep
32-15,T010,haklis
32-16,RH023,haktep
32-17,T011,haklis
32-18,RH024,haktep
,T408,eucten
,T400,eucten
,T342,eucglo
,T338,eucglo
,YG073,eucpun
,KG140,corgum
,YG185,corexi
,KG048,euchae
,RH062,eucsoc
,RH008,eucdum
,KG080,euchae
,KG104,eucobl
,RH004,eucdum
,YG126,eucpun
,T334,eucglo
,T020,euccoc
,YG201,corexi
,QL223,eucter
,QL225,eucter
,RH054,eucsoc
,YG079,angcos
,QL224,eucter
,RH012,eucdum
,KG136,eucobl
,QL322,eucdis
,QL301,eucmed
,T248,eucrub
DP064,YG136,eucspa
,QL413,eucpru
,QL409,eucpru
,T383,eucrub
,KG100,angcos
,QL302,eucmed
,T056,eucdel
,KG116,eucobl
,RH058,eucsoc
,QL220,eucatr
,YG078,angcos
,T252,eucrub
,KG120,angcos
,KG132,angcos
,T164,eucnit
,T224,eucten
,YG042,eucpun
,T244,eucrub
,QL387,corpoc
,T160,eucnit
,QL222,eucatr
,T220,eucten
,QL386,corpoc
,YG028,melpal
,QL221,eucatr
,QL417,eucpru
,T228,eucten
,T326,eucamy
,QL385,corpoc
,YG083,euccre
,KG021,euchae
,T168,eucnit
,T330,eucamy
,T375,eucrub
,KG144,eucobl
,QL445,corter
,QL323,eucdis
,QL303,eucmed
,YG122,angcos
,T156,eucnit
,T379,eucrub
,T404,eucten
,KG076,corgum
,T322,eucamy
,QL446,corter
,YG057,euccre
,QL447,corter
,T152,eucnit
,YG074,eucpun
,YG167,corexi
,KG039,corgum
,YG023,euccre
15-43,YG137,eucspa
,T148,eucnit
,YG134,eucspa
,T024,euccoc
,T060,eucdel
,T016,euccoc
,T052,eucdel
,YG016,angcos
,QL324,eucdis
,T396,acalon
,QL382,acacol
,YG106,acafal
,YG091,acafal
,KG013,acasua
,QL049,acacel
,YG159,acafal
,T365,acagen
,YG032,acaimp
,YG142,acafal
,QL263,acahol
,QL373,acashi
,YG144,acafal
,QL125,acafla
,QL219,acajul
,QL217,acajul
,KG068,acasua
,QL057,acacel
,KG001,acauli
,T392,acalon
,QL421,acahem
,KG040,acalon
,QL377,acashi
,QL429,acahem
,T387,acalon
,QL053,acacel
,KG044,acasua
,QL194,acacra
,QL267,acahol
,YG014,podili
,QL218,acajul
,YG012,podili
,QL425,acahem
,YG015,podili
,QL384,acacol
,QL259,acahol
,QL383,acacol
,KG029,acalon
,QL081,acaman
,YG011,acapar
,RH092,acaosw
,YG155,acabin
,YG148,acaimp
,KG088,acalon
,QL121,acafla
,YG102,acabin
,QL129,acafla
,YG034,acaimp
,QL198,acacra
,YG033,acaimp
,YG114,acaimp
,YG087,acabin
,YG010,acapar
,YG095,acaimp
,QL077,acaman
,RH088,acaosw
,RH084,acaosw
,QL190,acacra
,YG035,acaimp
,YG138,acabin
,YG009,acapar
,YG013,podili
,QL073,acaman
,QL381,acashi
,RH109,grestr
,QL101,grepar
,QL097,grepar
,QL105,grepar
,KG009,haklae
,QL349,grepar
,KG092,xylpyr
,KG060,haklae
,T240,banmar
,KG128,xylpyr
,QL247,perfal
,KG052,perlev
,KG025,perlev
,YG050,0
,RH113,grestr
,QL061,grehil
,KG108,xylpyr
,RH050,greane
,T236,banmar
,RH046,greane
,RH042,greane
,KG072,haklae
,KG084,perlev
,QL365,grestr
,T212,perjun
,QL361,grestr
,T040,orirev
,YG130,gremuc
,QL353,grepar
,T044,orirev
,YG163,grebux
,QL443,hakarb
,T277,banmar
,QL357,grepar
,QL433,hakcho
,T355,lomtin
,YG001,gremuc
,YG194,grebux
,QL183,banaqu
,RH105,grestr
,QL065,grehil
,QL033,darfer
,QL369,grestr
,QL270,gregla
,KG064,grespe
,T094,teltru
,QL268,gregla
,KG056,grespe
,T285,banmar
,YG193,hakdac
,T077,banmar
,QL437,hakcho
,YG178,grebux
,QL441,hakcho
,KG096,greser
,QL169,banaqu
,QL041,carsub
,T281,banmar
,YG005,perlin
,T048,orirev
,YG189,hakdac
,KG124,greser
,QL179,banaqu
,T208,perjun
,YG058,gremuc
,T073,banmar
,T081,banmar
,T126,oridiv
,T118,oridiv
,T106,lompol
32-19,YG003,gremuc
,T172,teltru
,T036,oriaci
,T110,lompol
,YG171,hakdac
,KG112,greser
,YG205,hakdac
,QL029,darfer
,QL069,grehil
,T176,teltru
,T122,oridiv
,T114,lompol
,T032,oriaci
,T004,haklis
,QL025,darfer
,QL442,hakarb
,T028,oriaci
,QL269,gregla
,T192,agaodo
,T184,agaodo
,T318,hakmeg
,T314,hakmeg
32-20,YG002,gremuc
,KG017,grespe
,QL255,perfal
,QL444,hakarb
,QL292,gregla
32-21,YG004,gremuc
,YG047,0
,T310,hakmeg
,QL335,gremim
,QL045,carsub
,YG046,0
,QL037,carsub
,QL012,athdiv
,YG049,0
,QL251,perfal
,QL296,gregla
,T012,haklis
,T188,agaodo
,T008,haklis
,QL300,gregla
,QL004,athdiv
,T102,teltru
,T180,teltru
,T204,cennit
,QL008,athdiv
,YG110,perlin
,T196,cennit
32-22,YG008,perlin
,T200,cennit
,T098,teltru
,QL336,gremim
,YG065,perlin
32-23,YG007,perlin
,QL334,gremim
,T232,banmar
32-24,YG006,perlin
,YG052,0
,YG051,0
,YG053,0
,YG048,0
,YG025,0
,YG026,0
,YG027,0
,YG024,0
,YG040,breobl
,YG041,breobl
,YG039,breobl
,YG036,breobl
,YG038,breobl
,YG037,breobl
,YG198,0
,T388,0
,T216,0
,RH033,0
,RH032,0
,KG002,0
